frame,n_total,vx_raw,vy_raw,vx_apply,vy_apply,vx_smooth,vy_smooth,vx_kalman,vy_kalman,inlier_fraction,ego_fit_inliers,ego_fit_coverage,ego_fit_score,speed_apply,speed_smooth,n_static,n_moving,n_uncertain,static_fraction,use_vr_comp,compensate_mode
0000000070_99418_000000000571.bin,466,2.736880246440088,0.47798621328451874,2.736880246440088,0.47798621328451874,2.736880246440088,0.47798621328451874,2.736880246440088,0.47798621328451874,0.14814814814814814,68,1.0,0.14814814814814814,2.77830601328292,2.77830601328292,77,389,0,0.16523605150214593,False,kalman
0000000071_09864_000000000572.bin,452,2.767108968157684,0.6631444830974283,2.7531877950910877,0.5778739135094098,2.7444374268694873,0.5242757807377462,2.7531877950910877,0.5778739135094098,0.15883668903803133,71,1.0,0.15883668903803133,2.813179925805174,2.7940654760170145,73,379,0,0.16150442477876106,False,kalman
0000000071_22847_000000000573.bin,437,2.84037860892283,0.7410139646404865,2.7878832287907427,0.6427914728144483,2.768422722382823,0.5784603267134312,2.7878832287907427,0.6427914728144483,0.16435185185185186,71,1.0,0.16435185185185186,2.86102669943775,2.8282115761355144,74,363,0,0.16933638443935928,False,kalman
0000000071_35374_000000000574.bin,456,2.7321513777066446,-0.634788436729233,2.769593646054298,0.22352667174478644,2.746659915577116,-0.14948893135216731,2.769593646054298,0.22352667174478644,0.1603563474387528,72,1.0,0.1603563474387528,2.77859913216096,2.7507249285297326,79,377,0,0.17324561403508773,False,kalman
0000000071_47670_000000000575.bin,489,2.811195769677683,-0.7487268311575875,2.7823004891871177,-0.07343587897871115,2.772474257217343,-0.3891840912743354,2.7823004891871177,-0.07343587897871115,0.1646090534979424,80,1.0,0.1646090534979424,2.7832694516435614,2.799656722499008,71,418,0,0.14519427402862986,False,kalman
0000000071_59571_000000000576.bin,486,3.0584458009171747,0.47942742322756227,2.8565376710496446,0.07519244012570848,2.8868628746972758,-0.04173948547357631,2.8565376710496446,0.07519244012570848,0.14822546972860126,71,1.0,0.14822546972860126,2.8575271423343973,2.8871646025041624,77,409,0,0.15843621399176955,False,kalman
0000000071_71749_000000000577.bin,411,3.0710158936918655,0.2837369877556067,2.915208624363537,0.13224022459131876,2.9329011294459235,0.03962963283371944,2.915208624363537,0.13224022459131876,0.15441176470588236,63,1.0,0.15441176470588236,2.918206435563377,2.933168856868576,69,342,0,0.1678832116788321,False,kalman
0000000071_84522_000000000578.bin,449,3.030110140374035,-0.580500720055588,2.944759687622966,-0.0510667801737113,2.9717847338171683,-0.20842250832200354,2.944759687622966,-0.0510667801737113,0.14446952595936793,64,1.0,0.14446952595936793,2.945202443616842,2.979084497983233,63,386,0,0.1403118040089087,False,kalman
0000000071_97268_000000000579.bin,425,2.427992076371094,4.857930937646119,2.843397867648708,0.9118127271589875,2.6455091393495236,2.8313895592588696,2.843397867648708,0.9118127271589875,0.10144927536231885,42,1.0,0.10144927536231885,2.98601973924459,3.8749819925597064,49,376,0,0.11529411764705882,False,kalman
0000000072_08661_000000000580.bin,458,3.107282399414527,-0.7023909831298504,2.913571081510969,0.4825573197981735,2.9225730953885254,0.7111212338256376,2.913571081510969,0.4825573197981735,0.1415929203539823,64,1.0,0.1415929203539823,2.9532622663603374,3.00784422919249,68,390,0,0.14847161572052403,False,kalman
0000000072_20823_000000000581.bin,455,3.242844471792489,-0.8869019965426821,3.0101975684873987,0.08068444849805162,3.1147359212309036,-0.24769270439535412,3.0101975684873987,0.08068444849805162,0.16592920353982302,75,1.0,0.16592920353982302,3.011278695431043,3.1245690158511157,81,374,0,0.17802197802197803,False,kalman
0000000072_32431_000000000582.bin,450,3.271848330420877,0.4879512868393234,3.090580374769778,0.20580256827614984,3.177580884906893,0.046564892098516886,3.090580374769778,0.20580256827614984,0.18526785714285715,83,1.0,0.18526785714285715,3.0974250192734547,3.1779220521123266,82,368,0,0.18222222222222223,False,kalman
0000000072_44944_000000000583.bin,420,3.262444004899741,-0.459534969066774,3.130504571894512,0.05124359046754211,3.211526132904032,-0.1558750523675995,3.130504571894512,0.05124359046754211,0.13253012048192772,55,1.0,0.13253012048192772,3.1309239499253962,3.215306693657096,62,358,0,0.14761904761904762,False,kalman
0000000072_56916_000000000584.bin,435,3.3204091018061317,-0.6529751492816284,3.1843147026817693,-0.1482993193639192,3.255079320464872,-0.35471509113321104,3.1843147026817693,-0.1482993193639192,0.16628175519630484,72,1.0,0.16628175519630484,3.187766116552324,3.2743494282674983,77,358,0,0.17701149425287357,False,kalman
0000000072_68949_000000000585.bin,485,3.382812508618184,-0.8579700352550876,3.2356279755607127,-0.33175488415934923,3.3061725957261965,-0.5560170687819617,3.2356279755607127,-0.33175488415934923,0.1496881496881497,72,1.0,0.1496881496881497,3.252591228450741,3.352600813325049,73,412,0,0.15051546391752577,False,kalman
0000000072_80342_000000000586.bin,419,3.315182060272823,-0.8153376167124583,3.256596358463579,-0.4592146863565855,3.3084249618628534,-0.6208472057645859,3.256596358463579,-0.4592146863565855,0.15217391304347827,63,1.0,0.15217391304347827,3.2888140674297506,3.366173938046416,68,351,0,0.162291169451074,False,kalman
0000000072_92225_000000000587.bin,483,3.5581667456147548,-0.8612873292052754,3.3353685679923952,-0.5642387597328778,3.370860407800829,-0.6809572366247583,3.3353685679923952,-0.5642387597328778,0.15,72,1.0,0.15,3.3827575825554717,3.4389537139936617,79,404,0,0.16356107660455488,False,kalman
0000000073_04943_000000000588.bin,458,3.742254581876837,0.7274864964034448,3.44733712448848,-0.20877652366743293,3.5936969122464335,0.16410900319216348,3.44733712448848,-0.20877652366743293,0.16043956043956045,73,1.0,0.16043956043956045,3.453653266717891,3.597442044289008,71,387,0,0.15502183406113537,False,kalman
0000000073_16501_000000000589.bin,474,3.770858352205619,0.6362016271567931,3.5328458253155053,0.014556530593149958,3.664561488230108,0.35294605277801533,3.5328458253155053,0.014556530593149958,0.1535181236673774,72,1.0,0.1535181236673774,3.532875814125385,3.6815189551584337,72,402,0,0.1518987341772152,False,kalman
0000000073_29283_000000000590.bin,465,3.799978769911385,-0.3439092792318084,3.6043792274174002,-0.08143417153751326,3.7187284009026187,0.07420391997408582,3.6043792274174002,-0.08143417153751326,0.15584415584415584,72,1.0,0.15584415584415584,3.605299036048474,3.7194686638576844,80,385,0,0.17204301075268819,False,kalman
0000000073_41750_000000000591.bin,471,3.889857260194667,0.7742543512042621,3.694674545317803,0.18921596021877904,3.787179944619438,0.3542240924661563,3.694674545317803,0.18921596021877904,0.19742489270386265,92,1.0,0.19742489270386265,3.6995165461747606,3.803709589415464,91,380,0,0.1932059447983015,False,kalman
0000000073_54615_000000000592.bin,398,3.927046784064155,0.3664766407594691,3.756637027163414,0.23648284441802425,3.822146654480617,0.3572872295394845,3.756637027163414,0.23648284441802425,0.16326530612244897,64,1.0,0.16326530612244897,3.7640730451944227,3.8388096088174746,79,319,0,0.1984924623115578,False,kalman
0000000073_66915_000000000593.bin,435,3.9628431273895646,0.6166547032160345,3.8185065805178944,0.3505486410941627,3.857320772707854,0.422129097958622,3.8185065805178944,0.3505486410941627,0.18981481481481483,82,1.0,0.18981481481481483,3.834563450411458,3.880350051078752,87,348,0,0.2,False,kalman
0000000073_79406_000000000594.bin,464,4.058058436464469,0.6403085639488333,3.886431218150391,0.4327097150818893,3.9075051886470074,0.4766739644561748,3.886431218150391,0.4327097150818893,0.17943107221006566,82,1.0,0.17943107221006566,3.910445666537279,3.936472388788425,83,381,0,0.1788793103448276,False,kalman
0000000073_90467_000000000595.bin,444,4.12705135350716,0.8438934456994556,3.9577204315250567,0.5545322910052393,3.9623917298620457,0.568478834766995,3.9577204315250567,0.5545322910052393,0.19090909090909092,84,1.0,0.19090909090909092,3.9963804968844494,4.002963453050399,96,348,0,0.21621621621621623,False,kalman
0000000074_02220_000000000596.bin,506,4.18020120471701,0.7606965268500965,4.015278817970345,0.607869397792969,4.0168440985757865,0.6165332577877705,4.015278817970345,0.607869397792969,0.16032064128256512,80,1.0,0.16032064128256512,4.0610305577297146,4.0638835822672785,98,408,0,0.19367588932806323,False,kalman
0000000074_17464_000000000597.bin,424,4.188063500693793,0.6958500480389964,4.068450372605625,0.634943950222432,4.059648949105288,0.6363624553505769,4.068450372605625,0.634943950222432,0.19856459330143542,83,1.0,0.19856459330143542,4.117698659965165,4.109222160525211,91,333,0,0.21462264150943397,False,kalman
0000000074_26414_000000000598.bin,469,4.160128471754272,0.5238108659938203,4.094591190312267,0.603255796530603,4.084768829767534,0.6082245580113878,4.094591190312267,0.603255796530603,0.18340611353711792,84,1.0,0.18340611353711792,4.138791438551912,4.129803083151614,95,374,0,0.2025586353944563,False,kalman
0000000074_39580_000000000599.bin,467,4.225076304877707,0.5993713204963963,4.130990178549281,0.6021722170131467,4.1198456985450775,0.6060112486326399,4.130990178549281,0.6021722170131467,0.1774891774891775,82,1.0,0.1774891774891775,4.174648636018742,4.164177975698165,94,373,0,0.2012847965738758,False,kalman
0000000074_51403_000000000600.bin,424,4.324544954065037,0.7319160939507313,4.18818197681495,0.640509094087079,4.171020512425067,0.6374874599621627,4.18818197681495,0.640509094087079,0.1909307875894988,80,1.0,0.1909307875894988,4.236876227897841,4.21945522273666,96,328,0,0.22641509433962265,False,kalman
0000000074_63791_000000000601.bin,443,4.128324204176901,-0.7126280052477635,4.173199800979832,0.30182395667236944,4.145402727476167,-0.172581819163793,4.173199800979832,0.30182395667236944,0.1536697247706422,67,0.9971428734164708,0.15334043437884784,4.1841001756314915,4.148993643918092,79,364,0,0.17832957110609482,False,kalman
0000000074_76089_000000000602.bin,477,4.477597894204357,0.799340879537921,4.269978674929444,0.46000210771055305,4.344719827513082,0.41057180005723537,4.269978674929444,0.46000210771055305,0.2068230277185501,97,1.0,0.2068230277185501,4.294685066853024,4.3640760285067834,98,379,0,0.20545073375262055,False,kalman
0000000074_87596_000000000603.bin,462,4.469321323124744,0.5243897714035202,4.32727530825897,0.4785089169205238,4.375870201415998,0.43902629289380657,4.32727530825897,0.4785089169205238,0.18655097613882862,86,1.0,0.18655097613882862,4.353651614109725,4.3978385720138204,94,368,0,0.20346320346320346,False,kalman
0000000074_99445_000000000604.bin,376,4.600220768013812,1.0537645010920682,4.41432476342801,0.6619729878380569,4.465610428055124,0.6849215761731112,4.41432476342801,0.6619729878380569,0.21621621621621623,80,1.0,0.21621621621621623,4.463683608147088,4.517830680831468,82,294,0,0.21808510638297873,False,kalman
0000000075_11927_000000000605.bin,420,4.590243609222625,0.6295604131250897,4.475556824011521,0.6506911451819886,4.4967687233469995,0.6710812854111059,4.475556824011521,0.6506911451819886,0.2542372881355932,105,1.0,0.2542372881355932,4.522610734009102,4.546567831111819,113,307,0,0.26904761904761904,False,kalman
0000000075_24097_000000000606.bin,413,4.672542193923638,0.8808348737516355,4.536864198214766,0.7223183309686487,4.540712090991159,0.7235196824962383,4.536864198214766,0.7223183309686487,0.22660098522167488,92,1.0,0.22660098522167488,4.594004845915625,4.59799380428386,110,303,0,0.26634382566585957,False,kalman
0000000075_34828_000000000607.bin,456,4.67860565554262,0.6854327257245956,4.58200853241426,0.710570348961969,4.575185482129024,0.7139979433033277,4.58200853241426,0.710570348961969,0.23385300668151449,105,1.0,0.23385300668151449,4.636778236226207,4.630563168657304,116,340,0,0.2543859649122807,False,kalman
0000000075_46220_000000000608.bin,463,4.68181673951495,0.8128128439548082,4.612626091442361,0.7419346597391929,4.601843296475506,0.7387016684661978,4.612626091442361,0.7419346597391929,0.22270742358078602,102,1.0,0.22270742358078602,4.671914650202543,4.660755505313628,114,349,0,0.24622030237580994,False,kalman
0000000075_57807_000000000609.bin,439,4.704587598843988,0.8552360623338844,4.639053745262441,0.7744949159779794,4.6275293720676265,0.7678352669331194,4.639053745262441,0.7744949159779794,0.2013888888888889,87,1.0,0.2013888888888889,4.703260786551094,4.690799408042818,97,342,0,0.22095671981776766,False,kalman
0000000075_69910_000000000610.bin,441,4.829592357944771,0.9082908549045382,4.701262448244938,0.8181777774608823,4.678045118536913,0.8029491639259742,4.701262448244938,0.8181777774608823,0.23623853211009174,103,1.0,0.23623853211009174,4.771926600735683,4.746454833969924,118,323,0,0.2675736961451247,False,kalman
0000000075_82055_000000000611.bin,442,4.812900336557958,0.789274725284461,4.739239543730062,0.8083455064559186,4.711758923042174,0.7995305542655959,4.739239543730062,0.8083455064559186,0.25688073394495414,112,1.0,0.25688073394495414,4.807682800545623,4.779113019805223,125,317,0,0.2828054298642534,False,kalman
0000000075_93797_000000000612.bin,449,4.901099540732796,0.8515000331474177,4.790153725128968,0.821920061261562,4.759094077464829,0.8125229239860514,4.790153725128968,0.821920061261562,0.23542600896860988,105,1.0,0.23542600896860988,4.860156921074785,4.827957118716327,120,329,0,0.267260579064588,False,kalman
0000000076_05698_000000000613.bin,467,4.931067329062362,1.007090830093024,4.838954949282061,0.8860484345633777,4.802087390364212,0.8611649005127945,4.838954949282061,0.8860484345633777,0.2701525054466231,124,1.0,0.2701525054466231,4.91940716241028,4.8786932974486295,129,338,0,0.2762312633832976,False,kalman
0000000076_17447_000000000614.bin,482,4.932055297566057,0.7671999771123277,4.8681436921356545,0.8487871661897852,4.8345793671646735,0.8376736696626778,4.8681436921356545,0.8487871661897852,0.23949579831932774,114,1.0,0.23949579831932774,4.941585035266382,4.906613377296046,126,356,0,0.26141078838174275,False,kalman
0000000076_29616_000000000615.bin,499,4.950807654381795,0.7028271537013272,4.893996966322591,0.80313796040944,4.863636438968954,0.8039620406723401,4.893996966322591,0.80313796040944,0.23529411764705882,116,1.0,0.23529411764705882,4.959459334426017,4.929636332764177,130,369,0,0.2605210420841683,False,kalman
0000000076_42068_000000000616.bin,468,4.954762159578654,0.9907179793772601,4.913115551653266,0.862156362339858,4.886417869121379,0.8506510253485702,4.913115551653266,0.862156362339858,0.2349137931034483,109,1.0,0.2349137931034483,4.988187849010928,4.959907938520159,118,350,0,0.25213675213675213,False,kalman
0000000076_54823_000000000617.bin,399,5.036808711596317,0.8761006735415692,4.953573913224388,0.866717358151743,4.9240155797401135,0.8570134373968199,4.953573913224388,0.866717358151743,0.24744897959183673,97,1.0,0.24744897959183673,5.028826253978031,4.9980397618868615,108,291,0,0.2706766917293233,False,kalman
0000000076_67865_000000000618.bin,457,5.120499818376759,0.8917128870890519,5.007398170071058,0.8747770165271884,4.973136639399275,0.8656882998198779,5.007398170071058,0.8747770165271884,0.24444444444444444,110,1.0,0.24444444444444444,5.083234330844407,5.047920786480365,122,335,0,0.26695842450765866,False,kalman
0000000076_80406_000000000619.bin,459,5.068322182794719,0.9155862788659624,5.026935685067734,0.887864000448676,4.996933025248136,0.8781627945813991,5.026935685067734,0.887864000448676,0.24282560706401765,110,1.0,0.24282560706401765,5.104741410208762,5.073510574799515,122,337,0,0.2657952069716776,False,kalman
0000000076_91630_000000000620.bin,418,5.152029010340767,0.8403033664916458,5.068859554374809,0.871924494501223,5.035707021521294,0.8686979375589609,5.068859554374809,0.871924494501223,0.25907990314769974,107,1.0,0.25907990314769974,5.143305309437502,5.110086233452235,123,295,0,0.2942583732057416,False,kalman
0000000077_03920_000000000621.bin,442,5.097124321131641,0.6937718782770279,5.077657584969707,0.8164705726066522,5.0510613464238805,0.8249664227384776,5.077657584969707,0.8164705726066522,0.23556581986143188,102,1.0,0.23556581986143188,5.142881560577983,5.117986940583509,114,328,0,0.2579185520361991,False,kalman
0000000077_18873_000000000622.bin,438,5.1760156558296755,0.78425927652512,5.109601304738643,0.8060093200990913,5.082299923775329,0.8147896361851381,5.109601304738643,0.8060093200990913,0.2471131639722864,107,1.0,0.2471131639722864,5.172782280115165,5.147198720317822,117,321,0,0.2671232876712329,False,kalman
0000000077_27554_000000000623.bin,459,5.099755131073032,0.7448162345578255,5.106400816887475,0.7861185753792097,5.086663725599754,0.7972962857783099,5.106400816887475,0.7861185753792097,0.24833702882483372,112,1.0,0.24833702882483372,5.166557046744505,5.148769680675983,120,339,0,0.26143790849673204,False,kalman
0000000077_39720_000000000624.bin,453,5.15074314508201,1.0019921010186774,5.1199269767687365,0.8519685192324292,5.102683580470318,0.8484702395884018,5.1199269767687365,0.8519685192324292,0.22696629213483147,101,1.0,0.22696629213483147,5.190327793618372,5.172744094759433,119,334,0,0.26269315673289184,False,kalman
0000000077_51659_000000000625.bin,444,5.297501570991352,0.7850581178213856,5.173153130396714,0.8319128163296302,5.1513880781005765,0.8326172091466477,5.173153130396714,0.8319128163296302,0.21739130434782608,95,1.0,0.21739130434782608,5.239617566627055,5.218242093671384,112,332,0,0.25225225225225223,False,kalman
0000000077_64025_000000000626.bin,440,5.301492498681681,0.7100572581862433,5.215921755814512,0.7913048969440579,5.188914183245853,0.8019772214065467,5.215921755814512,0.7913048969440579,0.2494279176201373,109,1.0,0.2494279176201373,5.275604534336021,5.250523580057987,125,315,0,0.2840909090909091,False,kalman
0000000077_77194_000000000627.bin,452,5.348836097896918,0.6971301616985723,5.2564518395309054,0.7625878311732149,5.228894661908619,0.7757654564795531,5.2564518395309054,0.7625878311732149,0.22371364653243847,100,1.0,0.22371364653243847,5.311480597871116,5.286128207753135,121,331,0,0.2676991150442478,False,kalman
0000000077_89682_000000000628.bin,411,5.437682546448485,0.9001249071942627,5.312548000697227,0.805159546055561,5.2810916330435855,0.8068553191582305,5.312548000697227,0.805159546055561,0.22549019607843138,92,1.0,0.22549019607843138,5.373215811254607,5.342372538737531,113,298,0,0.2749391727493917,False,kalman
0000000078_01779_000000000629.bin,436,5.34971610789004,0.7586073415382515,5.324456054818677,0.7902449805117943,5.298247751755199,0.7947933247532357,5.324456054818677,0.7902449805117943,0.23598130841121495,101,1.0,0.23598130841121495,5.382779896012781,5.357529810281164,121,315,0,0.2775229357798165,False,kalman
0000000078_13874_000000000630.bin,452,5.436731991693692,0.7168894256121779,5.36019906363981,0.7668922629230309,5.332868811739822,0.7753173499679713,5.36019906363981,0.7668922629230309,0.23555555555555555,106,1.0,0.23555555555555555,5.4147814124649845,5.388933730933112,133,319,0,0.2942477876106195,False,kalman
0000000078_25321_000000000631.bin,501,5.448514876021394,0.6982075934914479,5.389445153542139,0.7441470946124156,5.361780327810216,0.7560399108488405,5.389445153542139,0.7441470946124156,0.250501002004008,125,1.0,0.250501002004008,5.440576620309556,5.414820830876027,145,356,0,0.2894211576846307,False,kalman
0000000078_37135_000000000632.bin,455,5.425924920650944,0.6548610277981127,5.400701585672145,0.7165964101945921,5.3778164760203975,0.7307451900861586,5.400701585672145,0.7165964101945921,0.2292134831460674,102,1.0,0.2292134831460674,5.4480352451673255,5.427236735447469,121,334,0,0.26593406593406593,False,kalman
0000000078_49159_000000000633.bin,449,5.377147002292947,1.1219557570894483,5.392522957642469,0.857345378802264,5.377649107588534,0.828547831836981,5.392522957642469,0.857345378802264,0.2698412698412698,119,0.9914285639627556,0.2681065744527799,5.460251363010194,5.441102961164172,126,323,0,0.2806236080178174,False,kalman
0000000078_62039_000000000634.bin,474,5.441557944887763,1.0053219292365572,5.407892533295669,0.9037272973989265,5.393626316913341,0.8727413561868751,5.407892533295669,0.9037272973989265,0.23880597014925373,112,1.0,0.23880597014925373,5.482884704217208,5.463779124497903,127,347,0,0.2679324894514768,False,kalman
0000000078_74095_000000000635.bin,452,5.449590778462311,0.7812818602006589,5.422448462865512,0.8609843197775959,5.407617432300584,0.8498764821903211,5.422448462865512,0.8609843197775959,0.2767857142857143,124,1.0,0.2767857142857143,5.49037715747611,5.473994549604645,139,313,0,0.3075221238938053,False,kalman
0000000078_86184_000000000636.bin,438,5.501327191207866,0.7896370759680685,5.449567458851686,0.8364546948818026,5.431044872027405,0.834816630634758,5.449567458851686,0.8364546948818026,0.2777777777777778,120,1.0,0.2777777777777778,5.513387519952232,5.4948309536108155,137,301,0,0.3127853881278539,False,kalman
0000000078_98868_000000000637.bin,456,5.464352588957962,0.6392585327503434,5.454048673565358,0.7766866484140761,5.439371801260044,0.7859271061636544,5.454048673565358,0.7766866484140761,0.23348017621145375,106,1.0,0.23348017621145375,5.509073341628766,5.495857258749148,131,325,0,0.28728070175438597,False,kalman
0000000079_10949_000000000638.bin,405,5.526489884450901,0.6733717701480906,5.476626347583436,0.7444866118024254,5.461151322057757,0.7577882721597634,5.476626347583436,0.7444866118024254,0.23544303797468355,93,0.9285714404975152,0.22283002018911818,5.526997056829155,5.513475929741244,109,296,0,0.2691358024691358,False,kalman
0000000079_22891_000000000639.bin,443,5.565268473408157,0.6830246841705335,5.502413496359905,0.7266065366441861,5.487180609895357,0.739097375162456,5.502413496359905,0.7266065366441861,0.21052631578947367,92,1.0,0.21052631578947367,5.550181199205815,5.536733330727028,117,326,0,0.26410835214446954,False,kalman
0000000079_35097_000000000640.bin,444,5.6493160042697355,1.0217510713475815,5.550216176324563,0.8226477815247999,5.527714458488951,0.8097607992087374,5.550216176324563,0.8226477815247999,0.24036281179138322,106,1.0,0.24036281179138322,5.610851002867793,5.586710990065888,119,325,0,0.268018018018018,False,kalman
0000000079_46372_000000000641.bin,495,5.6199071997728804,0.8263187446616485,5.571577342040431,0.823772977396851,5.550762643809934,0.8139002855719653,5.571577342040431,0.823772977396851,0.22336065573770492,109,1.0,0.22336065573770492,5.6321466597228795,5.610115827928152,122,373,0,0.24646464646464647,False,kalman
0000000079_58375_000000000642.bin,460,5.596180909793045,1.2737364677572496,5.579637888291202,0.9711886514843207,5.562117210305712,0.9288593311182862,5.579637888291202,0.9711886514843207,0.24395604395604395,111,1.0,0.24395604395604395,5.663529496809091,5.639142445282306,124,336,0,0.26956521739130435,False,kalman
0000000079_70312_000000000643.bin,468,5.567624803862432,1.3438439670522568,5.575699511355061,1.0933601977400351,5.563494108694893,1.032605490101779,5.575699511355061,1.0933601977400351,0.2478448275862069,115,1.0,0.2478448275862069,5.681888908006491,5.658510474998797,124,344,0,0.26495726495726496,False,kalman
0000000079_83043_000000000644.bin,420,5.559338968778006,0.9534917937217908,5.570315923480143,1.0473352055730394,5.562455323715671,1.012827066006782,5.570315923480143,1.0473352055730394,0.2517985611510791,105,1.0,0.2517985611510791,5.667921181545237,5.653912618175905,123,297,0,0.29285714285714287,False,kalman
0000000079_95546_000000000645.bin,374,5.681422997684442,0.9532235089884311,5.604277659425073,1.0185683911138732,5.592197242207864,0.9979261767521943,5.604277659425073,1.0185683911138732,0.22788203753351208,85,1.0,0.22788203753351208,5.6960872229371,5.6805392921803195,106,268,0,0.28342245989304815,False,kalman
0000000080_08061_000000000646.bin,479,5.754756811184733,0.7691551427261983,5.643969722348426,0.952780365110558,5.632837134452082,0.9407334182456953,5.643969722348426,0.952780365110558,0.18220338983050846,86,1.0,0.18220338983050846,5.723826050023356,5.71085226104358,110,369,0,0.22964509394572025,False,kalman
0000000080_19573_000000000647.bin,469,5.634889628131974,1.0608860764293373,5.641051895581431,0.9875194031239949,5.6333502578720545,0.9707715827916059,5.641051895581431,0.9875194031239949,0.22844827586206898,106,1.0,0.22844827586206898,5.726836915801709,5.716382824288701,120,349,0,0.255863539445629,False,kalman
0000000080_34580_000000000648.bin,376,5.624708852154351,1.2155937202977976,5.635606595461606,1.0635109473046624,5.6311899064426285,1.0319771171681538,5.635606595461606,1.0635109473046624,0.24594594594594596,91,1.0,0.24594594594594596,5.73507778795085,5.72496956610077,104,272,0,0.2765957446808511,False,kalman
0000000080_42444_000000000649.bin,474,5.685943328244095,0.9277123591665523,5.651368644582668,1.0209880440790409,5.644878261892995,1.0059109276677534,5.651368644582668,1.0209880440790409,0.2302771855010661,108,1.0,0.2302771855010661,5.742855051550969,5.733803919388373,122,352,0,0.25738396624472576,False,kalman
0000000080_55094_000000000650.bin,446,5.707591467465415,1.0134243888615058,5.671297240772256,1.0183070504394671,5.6605565632861,1.0077892929661916,5.671297240772256,1.0183070504394671,0.2766439909297052,122,1.0,0.2766439909297052,5.761992853359481,5.749568667750533,131,315,0,0.2937219730941704,False,kalman
0000000080_65969_000000000651.bin,437,5.612528740909124,0.9028550463552043,5.65129631769426,0.9790147993480204,5.648549607691856,0.9815557313134448,5.65129631769426,0.9790147993480204,0.2706422018348624,118,1.0,0.2706422018348624,5.735470342328268,5.733198437541656,134,303,0,0.30663615560640733,False,kalman
0000000080_78610_000000000652.bin,446,5.635831131265107,1.2023222504636955,5.646556375289385,1.0474565515193657,5.645369988585169,1.0367473611010074,5.646556375289385,1.0474565515193657,0.23476297968397292,104,1.0,0.23476297968397292,5.7428881346098,5.739777643669484,135,311,0,0.30269058295964124,False,kalman
0000000080_90655_000000000653.bin,480,5.602107126324048,1.094443959697517,5.630981262171757,1.0639210411229938,5.634554273019889,1.0511715107501347,5.630981262171757,1.0639210411229938,0.27941176470588236,133,1.0,0.27941176470588236,5.730608864394226,5.7317679123128675,151,329,0,0.3145833333333333,False,kalman
0000000081_02527_000000000654.bin,468,5.717515135879337,0.9649300149814279,5.659596763911409,1.0311861390621402,5.655294488734752,1.029611136807958,5.659596763911409,1.0311861390621402,0.2629310344827586,122,1.0,0.2629310344827586,5.752771539307847,5.7482566789725595,146,322,0,0.31196581196581197,False,kalman
0000000081_14741_000000000655.bin,491,5.838413367386251,0.9624186253756921,5.719017482872532,1.0083347090214587,5.7010742083976265,1.0128130089498915,5.719017482872532,1.0083347090214587,0.26434426229508196,129,1.0,0.26434426229508196,5.8072282420117665,5.790340000445116,144,347,0,0.29327902240325865,False,kalman
0000000081_27393_000000000656.bin,484,5.8145336702743045,0.7832265129449705,5.749579561255709,0.9363073959520338,5.7294390738667955,0.9554163849486612,5.749579561255709,0.9363073959520338,0.25,120,1.0,0.25,5.8253185896501725,5.808553397342575,144,340,0,0.2975206611570248,False,kalman
0000000081_39843_000000000657.bin,463,5.888971220951893,0.8172974366234124,5.790876387450565,0.9010489478026751,5.76932211063807,0.9208866478673491,5.790876387450565,0.9010489478026751,0.2210065645514223,101,1.0,0.2210065645514223,5.86055786944117,5.842354819293131,134,329,0,0.2894168466522678,False,kalman
0000000081_52667_000000000658.bin,441,5.78185314379938,1.1010006425280507,5.787636208903849,0.9728500890190707,5.772454868928397,0.9659151465325245,5.787636208903849,0.9728500890190707,0.2850574712643678,124,1.0,0.2850574712643678,5.868830393044199,5.852711105472071,133,308,0,0.30158730158730157,False,kalman
0000000081_65472_000000000659.bin,478,5.849372238242399,1.0136567294102317,5.806394381820758,0.9852489754524353,5.791684211256897,0.9778505422519512,5.806394381820758,0.9852489754524353,0.23157894736842105,110,1.0,0.23157894736842105,5.8893914168502794,5.873652840090642,119,359,0,0.2489539748953975,False,kalman
0000000081_77762_000000000660.bin,464,5.909115725277375,0.8489561512528739,5.835791310971313,0.9462445157958534,5.821042089762017,0.945626944502182,5.835791310971313,0.9462445157958534,0.20697167755991286,95,1.0,0.20697167755991286,5.9120080267944495,5.897350365117328,119,345,0,0.25646551724137934,False,kalman
0000000081_89632_000000000661.bin,475,5.972309684361296,0.9287316841205301,5.8745470104421695,0.9412728623514217,5.8588589884118365,0.941403129406769,5.8745470104421695,0.9412728623514217,0.19745222929936307,93,1.0,0.19745222929936307,5.949478731728879,5.934009479108626,115,360,0,0.24210526315789474,False,kalman
0000000082_02055_000000000662.bin,500,5.8872339750809735,0.4245488564391862,5.878378782594879,0.7852096342380672,5.8702089830794915,0.7346614202197359,5.878378782594879,0.7852096342380672,0.20977596741344195,103,1.0,0.20977596741344195,5.930589454798059,5.916002105086377,133,367,0,0.266,False,kalman
0000000082_14350_000000000663.bin,441,5.910122054205886,0.9051045551185498,5.8882597062612225,0.8225300647129019,5.8801872508610895,0.7772722039444394,5.8882597062612225,0.8225300647129019,0.21889400921658986,95,1.0,0.21889400921658986,5.945431698012863,5.931336627119888,111,330,0,0.25170068027210885,False,kalman
0000000082_26844_000000000664.bin,454,6.04861166955732,0.7551055033428309,5.938739932950258,0.8013042120796847,5.922293355535147,0.7717305287940373,5.938739932950258,0.8013042120796847,0.22444444444444445,101,1.0,0.22444444444444445,5.992555417475477,5.972363568813311,120,334,0,0.2643171806167401,False,kalman
0000000082_39789_000000000665.bin,490,5.983633552571255,0.850266178623261,5.952486167879345,0.8162961574915278,5.937628404794174,0.7913644412513432,5.952486167879345,0.8162961574915278,0.21765913757700206,106,1.0,0.21765913757700206,6.008196983748982,5.99013261558504,121,369,0,0.24693877551020407,False,kalman
0000000082_51524_000000000666.bin,429,5.99468870864581,0.9411593008130273,5.966500789405383,0.8577607154167415,5.951893480757083,0.8288131561417642,5.966500789405383,0.8577607154167415,0.2447058823529412,104,1.0,0.2447058823529412,6.027842492541366,6.009323360751386,110,319,0,0.2564102564102564,False,kalman
0000000082_63876_000000000667.bin,450,5.986990757088071,0.8458710515890304,5.97310411272003,0.8539290210201138,5.960667799839831,0.8330776300035807,5.97310411272003,0.8539290210201138,0.2399103139013453,107,1.0,0.2399103139013453,6.033835224327335,6.018602741306307,121,329,0,0.2688888888888889,False,kalman
0000000082_76741_000000000668.bin,480,5.965429357696508,0.923880040304257,5.9703927050552705,0.8786419570374118,5.9618581893039995,0.8557782325787497,5.9703927050552705,0.8786419570374118,0.2775423728813559,131,1.0,0.2775423728813559,6.034699722541605,6.022965171136786,143,337,0,0.29791666666666666,False,kalman
0000000082_88441_000000000669.bin,470,6.018839523374738,0.9698509491522886,5.985959883832127,0.9079496956167812,5.976103522821684,0.8842964117221344,5.985959883832127,0.9079496956167812,0.24946236559139784,116,1.0,0.24946236559139784,6.054427171964176,6.041174840978068,132,338,0,0.28085106382978725,False,kalman
0000000083_00417_000000000670.bin,454,6.003886627566918,0.8993785527802651,5.9916719492101675,0.9052186403302769,5.983049299007992,0.888066946986667,5.9916719492101675,0.9052186403302769,0.24444444444444444,110,1.0,0.24444444444444444,6.059666123950507,6.048598334878109,119,335,0,0.2621145374449339,False,kalman
0000000083_13046_000000000671.bin,427,5.982972240123441,0.821277989774988,5.988775367095608,0.8772704658960363,5.9830300342868545,0.8713697076837472,5.988775367095608,0.8772704658960363,0.25882352941176473,110,1.0,0.25882352941176473,6.052688152206801,6.046150308969123,119,308,0,0.2786885245901639,False,kalman
0000000083_25419_000000000672.bin,437,5.903281568438857,1.048451174921027,5.962010797951709,0.9308600594663892,5.963092917824855,0.9156400744930672,5.962010797951709,0.9308600594663892,0.23842592592592593,103,1.0,0.23842592592592593,6.0342417257848195,6.032982172411138,121,316,0,0.2768878718535469,False,kalman
0000000083_37674_000000000673.bin,498,5.969055688819496,0.9453167028824916,5.964224060702954,0.9354018403089013,5.964583610573515,0.9230592315904234,5.964224060702954,0.9354018403089013,0.23636363636363636,117,1.0,0.23636363636363636,6.037130547629505,6.0355858035940875,134,364,0,0.26907630522088355,False,kalman
0000000084_04573_000000000674.bin,473,6.0891565426944,0.8843074463658294,6.006268881622413,0.9182065152094465,5.9957268436037365,0.9133712852842748,6.006268881622413,0.9182065152094465,0.25957446808510637,122,1.0,0.25957446808510637,6.076048805179138,6.0648979783581085,139,334,0,0.2938689217758985,False,kalman
0000000084_05793_000000000675.bin,422,6.058071681826935,0.8705372227221746,6.024558122145166,0.9013766304849312,6.011313053159536,0.9026627696437497,6.024558122145166,0.9013766304849312,0.2840095465393795,119,1.0,0.2840095465393795,6.091615581854263,6.078707485871248,129,293,0,0.3056872037914692,False,kalman
0000000084_17565_000000000676.bin,464,6.0387572012346205,0.7956808834462148,6.029301849540019,0.8660650579816526,6.018174090178307,0.8759172980943659,6.029301849540019,0.8660650579816526,0.2685589519650655,123,1.0,0.2685589519650655,6.0911862126784015,6.081582893687664,127,337,0,0.27370689655172414,False,kalman
0000000084_30024_000000000677.bin,428,6.16222950498779,0.8914912008479539,6.0739482464475,0.8746049337690598,6.054187943880677,0.879810773782763,6.0739482464475,0.8746049337690598,0.27058823529411763,115,1.0,0.27058823529411763,6.136593606447786,6.117782168195789,132,296,0,0.308411214953271,False,kalman
0000000084_41557_000000000678.bin,432,6.029313254035662,0.9698620596177828,6.058822746193009,0.9068848021730445,6.047969271419424,0.9023235952415178,6.058822746193009,0.9068848021730445,0.2746478873239437,117,1.0,0.2746478873239437,6.126318071582492,6.1149096623386985,123,309,0,0.2847222222222222,False,kalman
0000000084_54046_000000000679.bin,461,6.155543762247416,0.8169313169282179,6.088478406397417,0.879304136652304,6.074862894126421,0.8809755256631928,6.088478406397417,0.879304136652304,0.23788546255506607,108,1.0,0.23788546255506607,6.151645720447617,6.1384099781011345,127,334,0,0.2754880694143167,False,kalman
0000000084_65673_000000000680.bin,422,6.192135035998341,0.8890594557239283,6.12012904970248,0.8822828378260907,6.104180929594401,0.8829965081783767,6.12012904970248,0.8822828378260907,0.22966507177033493,96,1.0,0.22966507177033493,6.183397334066011,6.167714945964929,120,302,0,0.2843601895734597,False,kalman
0000000084_77538_000000000681.bin,472,6.095178230765239,1.1487421013310075,6.1121427728837725,0.9675713185213248,6.101930254887111,0.9494329064665344,6.1121427728837725,0.9675713185213248,0.24086021505376345,112,1.0,0.24086021505376345,6.188253673900289,6.17535227168363,128,344,0,0.2711864406779661,False,kalman
0000000084_89813_000000000682.bin,477,6.101109620451246,0.9729174134136408,6.108680589235604,0.9692489136085789,6.101725096278145,0.955304033203311,6.108680589235604,0.9692489136085789,0.23404255319148937,110,1.0,0.23404255319148937,6.185096765438295,6.176054966271353,122,355,0,0.2557651991614256,False,kalman
0000000085_01414_000000000683.bin,468,6.156910984869543,1.0801836277159986,6.125881479312751,1.008812674138022,6.1155215684259945,0.9865239318314829,6.125881479312751,1.008812674138022,0.28199566160520606,130,1.0,0.28199566160520606,6.208391652440146,6.194580980337555,152,316,0,0.3247863247863248,False,kalman
0000000085_13910_000000000684.bin,493,6.118931406384285,0.816848421267399,6.123717506687928,0.9490427418751228,6.116374027915567,0.9441050541904619,6.123717506687928,0.9490427418751228,0.2392638036809816,117,1.0,0.2392638036809816,6.196821623027572,6.188809708070533,133,360,0,0.2697768762677485,False,kalman
0000000085_26592_000000000685.bin,474,6.07834278647502,0.9142863494083113,6.109053986753009,0.9378106934699417,6.10686621755543,0.9366503779949242,6.109053986753009,0.9378106934699417,0.24786324786324787,116,1.0,0.24786324786324787,6.180617243435272,6.178278799934315,134,340,0,0.28270042194092826,False,kalman
0000000085_40680_000000000686.bin,464,5.915517008868236,1.2820049726800902,6.057596171428874,1.0293254305956032,6.059028915383632,1.0229890266662156,6.057596171428874,1.0293254305956032,0.18777292576419213,86,1.0,0.18777292576419213,6.144426923495842,6.144781358692467,122,342,0,0.2629310344827586,False,kalman
0000000085_52875_000000000687.bin,433,6.166716600188302,0.7374355424871337,6.094802056757867,0.9298021623210706,6.085950836584799,0.9516006556214451,6.094802056757867,0.9298021623210706,0.2534883720930233,109,1.0,0.2534883720930233,6.16531784842573,6.1598978395024035,127,306,0,0.29330254041570436,False,kalman
0000000085_65580_000000000688.bin,441,6.156903714078781,0.7245882007569276,6.114692239396505,0.8640753628829079,6.103689055958294,0.8948475419053158,6.114692239396505,0.8640753628829079,0.23917995444191345,105,1.0,0.23917995444191345,6.175442284992799,6.168936068324832,125,316,0,0.2834467120181406,False,kalman
0000000085_77776_000000000689.bin,415,6.128453988045058,1.0033124335540868,6.119441425655815,0.9121261447788289,6.109880288979985,0.9219637648175085,6.119441425655815,0.9121261447788289,0.2682926829268293,110,1.0,0.2682926829268293,6.18704594019,6.179049629943315,118,297,0,0.28433734939759037,False,kalman
0000000085_89425_000000000690.bin,426,6.163914864872352,0.9570370554291207,6.133418961063476,0.9262411728689284,6.123388932953077,0.9307320874704115,6.133418961063476,0.9262411728689284,0.23980815347721823,100,1.0,0.23980815347721823,6.202963071166116,6.193718934764416,119,307,0,0.2793427230046948,False,kalman
0000000086_01236_000000000691.bin,446,6.1901090290060266,0.9185465680437003,6.151820192888332,0.9237435535798993,6.1400689569663145,0.9276857076137337,6.151820192888332,0.9237435535798993,0.24829157175398633,109,1.0,0.24829157175398633,6.220787236227346,6.20975422769792,125,321,0,0.2802690582959641,False,kalman
0000000086_12504_000000000692.bin,432,6.184034689194908,0.7287129851002256,6.161993845092532,0.8621509974208057,6.1510603900234635,0.8779425269853567,6.161993845092532,0.8621509974208057,0.2388758782201405,102,1.0,0.2388758782201405,6.222015146985093,6.213398989474685,114,318,0,0.2638888888888889,False,kalman
0000000086_24014_000000000693.bin,444,6.221011490566636,1.050818291289271,6.1814350649138206,0.924300585119857,6.168548165159256,0.9211614680613353,6.1814350649138206,0.924300585119857,0.25229357798165136,110,1.0,0.25229357798165136,6.250157680682868,6.236948365677765,127,317,0,0.28603603603603606,False,kalman
0000000086_35855_000000000694.bin,373,6.201104666634131,1.0443250773203208,6.188199703615679,0.9655786108091993,6.176687290527974,0.9519523703760817,6.188199703615679,0.9655786108091993,0.271505376344086,101,1.0,0.271505376344086,6.263078925375393,6.249614324135086,111,262,0,0.2975871313672922,False,kalman
0000000086_47512_000000000695.bin,440,6.064232244691183,0.9930110816932438,6.147715562643801,0.9745372522794016,6.148573529068777,0.9622170482053722,6.147715562643801,0.9745372522794016,0.25635103926096997,111,1.0,0.25635103926096997,6.224478250845855,6.223408880205634,134,306,0,0.30454545454545456,False,kalman
0000000086_59788_000000000696.bin,427,6.225456330042811,1.1521958085392032,6.17429479209766,1.035277938141613,6.167794229312285,1.00971173828883,6.17429479209766,1.035277938141613,0.27358490566037735,116,1.0,0.27358490566037735,6.260488526379314,6.249896275105386,131,296,0,0.30679156908665106,False,kalman
0000000086_70370_000000000697.bin,430,6.24571029192672,1.2599642414640067,6.198190479402966,1.1104581673471559,6.187273244965894,1.0722748640826243,6.198190479402966,1.1104581673471559,0.26823529411764707,114,1.0,0.26823529411764707,6.296878795116639,6.279500266105114,132,298,0,0.30697674418604654,False,kalman
0000000086_82039_000000000698.bin,445,6.192671644074469,1.0200768761704357,6.196336067668066,1.080088693174226,6.188622844743038,1.059225367104577,6.196336067668066,1.080088693174226,0.2702702702702703,120,1.0,0.2702702702702703,6.289767265058936,6.278615380224627,131,314,0,0.2943820224719101,False,kalman
0000000086_97313_000000000699.bin,442,6.218090474224063,0.9989917439696215,6.203741702570105,1.0524816703886306,6.195989752113294,1.0441669613208382,6.203741702570105,1.0524816703886306,0.2762557077625571,121,1.0,0.2762557077625571,6.292386572574151,6.2833568776098465,129,313,0,0.2918552036199095,False,kalman
0000000087_05009_000000000700.bin,390,6.270295865894862,0.8794566128969578,6.225698848129772,0.9953982937368018,6.214566280558686,1.0029893742148681,6.225698848129772,0.9953982937368018,0.2650918635170604,101,1.0,0.2650918635170604,6.304771519316025,6.29498385543958,119,271,0,0.30512820512820515,False,kalman
0000000087_16859_000000000701.bin,433,6.230600591430819,1.0458052739409016,6.227370193557661,1.0125855413594624,6.218574858276719,1.0136933491463764,6.227370193557661,1.0125855413594624,0.27674418604651163,119,1.0,0.27674418604651163,6.309157551225093,6.300654527435615,128,305,0,0.2956120092378753,False,kalman
0000000087_28582_000000000702.bin,439,6.200170759801696,1.1669893381384029,6.218244445864029,1.0643899320311794,6.213973833657964,1.052017346394383,6.218244445864029,1.0643899320311794,0.271889400921659,118,1.0,0.271889400921659,6.308683691224991,6.302397266318629,138,301,0,0.3143507972665148,False,kalman
0000000087_39470_000000000703.bin,453,6.304821836824789,0.9198486494329818,6.24621269791518,1.0176968291478266,6.236685834449671,1.0189751721540328,6.24621269791518,1.0176968291478266,0.25669642857142855,115,1.0,0.25669642857142855,6.328576451592757,6.319379763797356,140,313,0,0.3090507726269316,False,kalman
0000000087_51113_000000000704.bin,444,6.21067550148076,1.0079337967512312,6.233216320141716,1.0141263714310824,6.2301832512074435,1.0162148283033323,6.233216320141716,1.0141263714310824,0.30612244897959184,135,1.0,0.30612244897959184,6.3151752145853415,6.312517399650422,146,298,0,0.32882882882882886,False,kalman
0000000087_62945_000000000705.bin,427,6.1745701974600795,1.0912287421691491,6.212263261897182,1.041673469022451,6.216279987770603,1.0349683067697866,6.212263261897182,1.041673469022451,0.3054892601431981,128,1.0,0.3054892601431981,6.298991859907638,6.301848640071833,153,274,0,0.3583138173302108,False,kalman
0000000087_75064_000000000706.bin,440,6.234300084117593,0.8076603877235651,6.219658622482904,0.9631407704023038,6.22078501185735,0.9781413270082312,6.219658622482904,0.9631407704023038,0.2814645308924485,123,1.0,0.2814645308924485,6.293790076244765,6.297215783133883,147,293,0,0.3340909090909091,False,kalman
0000000087_86993_000000000707.bin,479,6.2771711925852784,1.0497577100349078,6.238984376041152,0.9922463663847069,6.234881557039332,0.9960454227649004,6.238984376041152,0.9922463663847069,0.27848101265822783,132,1.0,0.27848101265822783,6.317394945393969,6.313941282156503,155,324,0,0.3235908141962422,False,kalman
0000000087_98654_000000000708.bin,456,6.19188864088534,0.9979073323227513,6.223794909443042,0.9940721591607296,6.224133328000834,0.996510900154363,6.223794909443042,0.9940721591607296,0.2599118942731278,118,1.0,0.2599118942731278,6.302682169713748,6.303401435642283,136,320,0,0.2982456140350877,False,kalman
0000000088_10522_000000000709.bin,457,6.033077610181506,1.0890523507110628,6.162316094676074,1.0246895684123491,6.176369398546003,1.0196462627935379,6.162316094676074,1.0246895684123491,0.2549450549450549,116,1.0,0.2549450549450549,6.246929514754978,6.259969444695743,146,311,0,0.31947483588621445,False,kalman
0000000088_22973_000000000710.bin,431,6.181006842885386,0.7290713311066387,6.168435159423696,0.9279086843945309,6.1775287596308495,0.9470025298718131,6.168435159423696,0.9279086843945309,0.2576112412177986,110,1.0,0.2576112412177986,6.237836711760675,6.249694021922183,135,296,0,0.31322505800464034,False,kalman
0000000088_35110_000000000711.bin,437,6.249703469325365,1.0356935565660899,6.197562852558141,0.9665402824300668,6.195572437054478,0.9691752865453823,6.197562852558141,0.9665402824300668,0.29466357308584684,127,1.0,0.29466357308584684,6.272478411997016,6.270918478089114,142,295,0,0.32494279176201374,False,kalman
0000000088_47203_000000000712.bin,482,6.204579166783757,0.7117389345076933,6.199946391210076,0.8799807524819083,6.197824119486798,0.9048161985359601,6.199946391210076,0.8799807524819083,0.27941176470588236,133,1.0,0.27941176470588236,6.262084427618128,6.263522664541526,157,325,0,0.3257261410788382,False,kalman
0000000088_58882_000000000713.bin,453,6.142357793387964,0.9475238977248123,6.180536966712577,0.9027452167594601,6.18395753796209,0.9154931233331731,6.180536966712577,0.9027452167594601,0.27616926503340755,124,1.0,0.27616926503340755,6.246117684072466,6.251356532000753,135,318,0,0.2980132450331126,False,kalman
0000000088_71575_000000000714.bin,390,6.240848646211548,0.9430162901962045,6.203020534115969,0.9177578544698297,6.198180315024455,0.922373915048931,6.203020534115969,0.9177578544698297,0.3220779220779221,124,1.0,0.3220779220779221,6.2705456880645905,6.266435418698524,146,244,0,0.37435897435897436,False,kalman
0000000088_83594_000000000715.bin,483,6.215582541314789,1.0958835961564963,6.207306351534353,0.9785295443996667,6.202530871597038,0.9657513353258222,6.207306351534353,0.9785295443996667,0.2905263157894737,138,1.0,0.2905263157894737,6.283961506172817,6.277265714847343,152,331,0,0.3146997929606625,False,kalman
0000000088_95791_000000000716.bin,487,6.2666150650352,0.9120598174509602,6.225063154518054,0.9586287612577141,6.218551919956579,0.9523284558571068,6.225063154518054,0.9586287612577141,0.2375,114,1.0,0.2375,6.298442694797561,6.291050585477026,144,343,0,0.29568788501026694,False,kalman
0000000089_06681_000000000717.bin,443,6.207279797170499,1.1012513100725745,6.2187358692032575,1.0093735976257014,6.2157338892600595,0.9895591694109738,6.2187358692032575,1.0093735976257014,0.2929061784897025,128,1.0,0.2929061784897025,6.300119909215939,6.294011052727928,139,304,0,0.31376975169300225,False,kalman
0000000089_19285_000000000718.bin,455,6.235709358416717,1.2137467645392352,6.224025475874322,1.0730643128049497,6.220727756549224,1.045606068193039,6.224025475874322,1.0730643128049497,0.24608501118568232,110,1.0,0.24608501118568232,6.315849914599629,6.307990636561222,129,326,0,0.2835164835164835,False,kalman
0000000089_32056_000000000719.bin,458,6.255824311311509,0.937679906631427,6.23526859045609,1.02519644688262,6.229501895239796,1.018624527802636,6.23526859045609,1.02519644688262,0.2891832229580574,131,1.0,0.2891832229580574,6.318987430738332,6.312233344184715,151,307,0,0.3296943231441048,False,kalman
0000000089_43840_000000000720.bin,443,6.237021288837477,1.0920614363308387,6.235902706621699,1.0493878144177966,6.231381743639217,1.0369837549346865,6.235902706621699,1.0493878144177966,0.3068181818181818,135,1.0,0.3068181818181818,6.323582635777,6.317076360386865,149,294,0,0.3363431151241535,False,kalman
0000000089_56016_000000000721.bin,415,6.237866330407738,0.7851306539605616,6.236562976343196,0.9605311795679328,6.233002890331346,0.9740204796911553,6.236562976343196,0.9605311795679328,0.28078817733990147,114,1.0,0.28078817733990147,6.310098089952079,6.308648106031649,125,290,0,0.30120481927710846,False,kalman
0000000089_68239_000000000722.bin,441,6.205067345156367,1.0122608392751267,6.2252011787937835,0.9791922413960548,6.226019004037601,0.9835805695871481,6.2252011787937835,0.9791922413960548,0.30963302752293576,135,1.0,0.30963302752293576,6.301741597532046,6.30323277180105,154,287,0,0.3492063492063492,False,kalman
0000000089_80459_000000000723.bin,440,6.231361777442107,0.9270208811208824,6.227317567099092,0.9612694934519941,6.227354697388727,0.9694406474705817,6.227317567099092,0.9612694934519941,0.2923433874709977,126,1.0,0.2923433874709977,6.301073172130476,6.302361596739561,143,297,0,0.325,False,kalman
0000000089_91557_000000000724.bin,447,6.261117251346365,1.1021361528916607,6.238242233362534,1.0068001330510452,6.235795335878137,1.0026145238258515,6.238242233362534,1.0068001330510452,0.2653061224489796,117,1.0,0.2653061224489796,6.318964525143308,6.3158831017005115,136,311,0,0.3042505592841163,False,kalman
0000000090_03470_000000000725.bin,478,6.258094602627853,0.8932666333643128,6.245472771586654,0.9654494862727234,6.241370152565566,0.9752775512104668,6.245472771586654,0.9654494862727234,0.3107822410147992,147,1.0,0.3107822410147992,6.3196536970924715,6.317109123897687,155,323,0,0.32426778242677823,False,kalman
0000000090_17017_000000000726.bin,409,6.278545363087943,1.1368061615711704,6.256458757072638,1.0223703945626532,6.250663955196161,1.0156597038006427,6.256458757072638,1.0223703945626532,0.27680798004987534,111,1.0,0.27680798004987534,6.339441410931179,6.332642774917351,138,271,0,0.3374083129584352,False,kalman
0000000090_27062_000000000727.bin,456,6.259489277649429,0.9943292591238179,6.257588874865772,1.0119135158528394,6.252870285809478,1.0103270926314365,6.257588874865772,1.0119135158528394,0.3258426966292135,145,1.0,0.3258426966292135,6.338879040525189,6.333967764779372,167,289,0,0.36622807017543857,False,kalman
0000000090_39540_000000000728.bin,424,6.308910308709624,0.9630221761100694,6.274849632598256,0.9954700631409732,6.266880291534514,0.9985008635010947,6.274849632598256,0.9954700631409732,0.2863961813842482,120,1.0,0.2863961813842482,6.353321852254013,6.345927242163761,142,282,0,0.33490566037735847,False,kalman
0000000090_50756_000000000729.bin,430,6.344179854384276,0.9128803035139511,6.297852102276076,0.9680683270354341,6.286205182246955,0.9770957235043088,6.297852102276076,0.9680683270354341,0.2759433962264151,117,1.0,0.2759433962264151,6.37182057091632,6.361689370458046,147,283,0,0.34186046511627904,False,kalman
0000000090_62842_000000000730.bin,433,6.183061329827037,0.9112475278178434,6.255099900217496,0.9469062228222325,6.260419219141975,0.9606336745826924,6.255099900217496,0.9469062228222325,0.3247663551401869,139,1.0,0.3247663551401869,6.326365951833674,6.333692908260114,149,284,0,0.3441108545034642,False,kalman
0000000090_74426_000000000731.bin,450,6.329924507377586,1.03332720227913,6.27984680741914,0.9754884237861388,6.277795541200878,0.9788070565068019,6.27984680741914,0.9754884237861388,0.2789115646258503,123,1.0,0.2789115646258503,6.355159603785976,6.353643058198118,146,304,0,0.3244444444444444,False,kalman
0000000090_85969_000000000732.bin,368,6.204943982122421,0.6676647911831174,6.251605072851893,0.8594250671495645,6.2595826514312645,0.9010214901758808,6.251605072851893,0.8594250671495645,0.33424657534246577,122,1.0,0.33424657534246577,6.3104023194208905,6.324097935346829,137,231,0,0.37228260869565216,False,kalman
0000000090_97703_000000000733.bin,396,6.2059718373120285,1.1308448899445693,6.2356488919212225,0.9543301018123853,6.246179947901455,0.958477340118053,6.2356488919212225,0.9543301018123853,0.30670103092783507,119,1.0,0.30670103092783507,6.308253565492085,6.319291317314466,135,261,0,0.3409090909090909,False,kalman
0000000091_09941_000000000734.bin,433,6.282612282082259,1.031475628408283,6.252114683260855,0.9813780244465564,6.255288031446656,0.9767269121906105,6.252114683260855,0.9813780244465564,0.3058823529411765,130,1.0,0.3058823529411765,6.328668172649961,6.331083937001403,159,274,0,0.3672055427251732,False,kalman
0000000091_20489_000000000735.bin,449,6.236260158180517,0.9611154855567023,6.246162914666604,0.9737714930624044,6.250531063130121,0.9728240555321335,6.246162914666604,0.9737714930624044,0.3393258426966292,151,1.0,0.3393258426966292,6.32161230045448,6.3257825772133955,179,270,0,0.3986636971046771,False,kalman
0000000091_31482_000000000736.bin,444,6.27353806914976,0.7031491637578542,6.255943927742841,0.8770794161910831,6.25628281463503,0.9054053325885636,6.255943927742841,0.8770794161910831,0.3211009174311927,140,1.0,0.3211009174311927,6.317127727802297,6.321458176162952,158,286,0,0.35585585585585583,False,kalman
0000000091_43207_000000000737.bin,430,6.3458791681605025,1.0208395036945774,6.285092080020802,0.9236722857112494,6.278681903016398,0.9342638753650669,6.285092080020802,0.9236722857112494,0.2759433962264151,117,1.0,0.2759433962264151,6.352602061024385,6.34781028608116,149,281,0,0.34651162790697676,False,kalman
0000000091_55192_000000000738.bin,444,6.2824024264476215,0.9994827761381266,6.284230380656747,0.9479601166947199,6.279612033874204,0.9505686005583318,6.284230380656747,0.9479601166947199,0.2619589977220957,115,1.0,0.2619589977220957,6.355326888525335,6.351150128940832,138,306,0,0.3108108108108108,False,kalman
0000000091_67085_000000000739.bin,453,6.344816374574377,1.1371319574218868,6.305409552577821,1.0140893105614353,6.295913119049247,0.9972094397742206,6.305409552577821,1.0140893105614353,0.29082774049217003,130,1.0,0.29082774049217003,6.386436154502337,6.374397906421534,147,306,0,0.32450331125827814,False,kalman
0000000091_78832_000000000740.bin,415,6.416181518921176,1.2218991604295484,6.340315389246838,1.0795731772576793,6.3259802190172305,1.0533818699380526,6.340315389246838,1.0795731772576793,0.25183374083129584,103,1.0,0.25183374083129584,6.431568819516317,6.413083431182809,119,296,0,0.28674698795180725,False,kalman
0000000091_90739_000000000741.bin,418,6.361999013820635,1.244071666727971,6.3471934535834595,1.1317522393883221,6.3349849177180815,1.1010543191355322,6.3471934535834595,1.1317522393883221,0.24759615384615385,103,1.0,0.24759615384615385,6.447303922460396,6.429957583172892,123,295,0,0.2942583732057416,False,kalman
0000000092_02800_000000000742.bin,417,6.326144218908301,0.9876473913781314,6.340040010528105,1.0827791607871267,6.332774743015636,1.072702587196182,6.340040010528105,1.0827791607871267,0.27007299270072993,111,1.0,0.27007299270072993,6.4318362888161325,6.422984258610178,122,295,0,0.29256594724220625,False,kalman
0000000092_15161_000000000743.bin,401,6.304989588916236,1.0888415785362417,6.3281459999670675,1.0848363817110818,6.325828454490786,1.0767373350311968,6.3281459999670675,1.0848363817110818,0.2727272727272727,108,1.0,0.2727272727272727,6.420459623109796,6.416811429697414,122,279,0,0.30423940149625933,False,kalman
